{
    "baseline": {
        "task_0": 0.575,
        "task_1": 0.16875,
        "task_2": 0.825,
        "task_3": 0.61875,
        "task_4": 0.45625,
        "task_5": 0.60625,
        "task_6": 0.8875,
        "task_7": 0.58125,
        "task_8": 0.46875,
        "task_9": 0.075
    }
}