{
    "baseline": {
        "task_0": 0.575,
        "task_1": 0.16875,
        "task_2": 0.825,
        "task_3": 0.61875,
        "task_4": 0.45625,
        "task_5": 0.60625,
        "task_6": 0.8875,
        "task_7": 0.58125,
        "task_8": 0.46875,
        "task_9": 0.075
    },
    "0": {
        "task_0": 0.825,
        "task_1": 0.21874999999999997,
        "task_2": 0.78125,
        "task_3": 0.6749999999999999,
        "task_4": 0.40625,
        "task_5": 0.65,
        "task_6": 0.8562500000000001,
        "task_7": 0.55625,
        "task_8": 0.4625,
        "task_9": 0.07500000000000001
    },
    "1": {
        "task_0": 0.7875,
        "task_1": 0.56875,
        "task_2": 0.7,
        "task_3": 0.70625,
        "task_4": 0.4875,
        "task_5": 0.48125000000000007,
        "task_6": 0.85625,
        "task_7": 0.5625000000000001,
        "task_8": 0.6625,
        "task_9": 0.08124999999999999
    },
    "2": {
        "task_0": 0.8249999999999998,
        "task_1": 0.51875,
        "task_2": 0.88125,
        "task_3": 0.74375,
        "task_4": 0.51875,
        "task_5": 0.58125,
        "task_6": 0.79375,
        "task_7": 0.49375,
        "task_8": 0.6687500000000001,
        "task_9": 0.0875
    }
}