{
    "baseline": {
        "task_0": 0.575,
        "task_1": 0.16875,
        "task_2": 0.825,
        "task_3": 0.61875,
        "task_4": 0.45625,
        "task_5": 0.60625,
        "task_6": 0.8875,
        "task_7": 0.58125,
        "task_8": 0.46875,
        "task_9": 0.075
    },
    "0": {
        "task_0": 0.75625,
        "task_1": 0.25625,
        "task_2": 0.80625,
        "task_3": 0.63125,
        "task_4": 0.40625,
        "task_5": 0.56875,
        "task_6": 0.8812500000000001,
        "task_7": 0.50625,
        "task_8": 0.51875,
        "task_9": 0.06875
    },
    "1": {
        "task_0": 0.8125,
        "task_1": 0.44375000000000003,
        "task_2": 0.79375,
        "task_3": 0.6937500000000001,
        "task_4": 0.50625,
        "task_5": 0.58125,
        "task_6": 0.8437499999999999,
        "task_7": 0.475,
        "task_8": 0.6125,
        "task_9": 0.1
    },
    "2": {
        "task_0": 0.81875,
        "task_1": 0.40625,
        "task_2": 0.9,
        "task_3": 0.7125,
        "task_4": 0.4437500000000001,
        "task_5": 0.56875,
        "task_6": 0.86875,
        "task_7": 0.625,
        "task_8": 0.6250000000000001,
        "task_9": 0.09375
    }
}